event_title,event_type,role_at_event,level,organizer,venue,mode,start_date,end_date,description
International Conference on Machine Learning and Data Science,Conference,Speaker,International,IEEE Computer Society,Bangalore International Centre,Offline,2023-08-14,2023-08-16,Presented paper on transformer architectures for low-resource NLP. Selected among 340 submissions with 18% acceptance rate.
Faculty Development Programme on Research Methodology,FDP,Attendee,National,UGC-HRDC Hyderabad,Osmania University,Offline,2023-09-04,2023-09-08,Intensive 5-day programme covering research design, statistical tools, and academic writing for peer-reviewed journals.
Workshop on Explainable AI and Responsible ML,Workshop,Resource Person,National,IIT Bombay,IIT Bombay Campus,Hybrid,2023-10-21,2023-10-22,Conducted two sessions on LIME and SHAP frameworks. Attended by 90+ participants from 25 institutions.
International Webinar on Cybersecurity Trends 2023,Webinar,Attendee,International,ISACA Global,Online,Online,2023-11-09,2023-11-09,Covered zero-trust architecture, ransomware defense, and post-quantum cryptography. Certificate of participation awarded.
National Seminar on Emerging Technologies in Education,Seminar,Organizer,National,GITAM University,GITAM Visakhapatnam,Offline,2023-12-01,2023-12-02,Co-organized two-day seminar with 200+ attendees. Coordinated 14 speakers across 4 thematic tracks.
Advanced Deep Learning with PyTorch - Hands-on Training,Training,Attendee,State,APSSDC Hyderabad,JNTU Hyderabad,Offline,2024-01-15,2024-01-19,5-day bootcamp on CNNs, RNNs, and attention mechanisms. Implemented 3 mini-projects using real-world datasets.
International Conference on Cloud Computing and IoT,Conference,Speaker,International,ACM,Singapore Management University,Offline,2024-02-22,2024-02-24,Presented work on edge-cloud hybrid architectures for smart city applications. Best Paper nominee.
Guest Lecture on Industry 4.0 and Smart Manufacturing,Guest Lecture,Resource Person,Institutional,GITAM School of Technology,GITAM Hyderabad,Offline,2024-03-08,2024-03-08,Delivered 90-minute lecture to final year B.Tech students on automation, digital twins, and IIoT integration.
Workshop on Blockchain and Decentralized Applications,Workshop,Attendee,National,NASSCOM,Hyderabad International Convention Centre,Offline,2024-04-13,2024-04-14,Covered Ethereum smart contracts, Solidity programming, and Web3 application development.
FDP on Outcome Based Education and NBA Accreditation,FDP,Attendee,National,ISTE National Chapter,NIT Warangal,Offline,2024-06-10,2024-06-14,Comprehensive programme on OBE curriculum design, CO-PO mapping, and NBA self-assessment document preparation.
International Seminar on Quantum Computing Frontiers,Seminar,Chair,International,IEEE Quantum Week,Denver Convention Center,Hybrid,2024-07-29,2024-07-30,Chaired session on quantum error correction. Panel discussion with researchers from IBM Research and Google Quantum AI.
Training Programme on Data Privacy and GDPR Compliance,Training,Attendee,State,NASSCOM Data Security Council,Hyderabad,Online,2024-09-03,2024-09-04,Covered GDPR articles, consent management, data subject rights, and breach notification protocols.
National Conference on Artificial Intelligence in Healthcare,Conference,Speaker,National,All India Institute of Medical Sciences,AIIMS New Delhi,Offline,2024-10-18,2024-10-19,Presented research on AI-assisted diagnostic imaging for early detection of diabetic retinopathy.
International Workshop on Large Language Models and Applications,Workshop,Organizer,International,ACM SIGAI,GITAM Visakhapatnam,Hybrid,2024-12-05,2024-12-06,Organized two-day workshop with 150 participants. Invited speakers from Google DeepMind and Microsoft Research.
Faculty Development Programme on Generative AI for Educators,FDP,Attendee,National,Ministry of Education - AICTE,Anna University Chennai,Offline,2025-01-20,2025-01-24,Week-long programme on integrating GenAI tools in curriculum design, assessment, and personalized learning platforms.
